id,title,occurrence weight,content,rank
1,GraphRAG Technology and EPUB Reader Community,1.0,"# GraphRAG Technology and EPUB Reader Community

The community centers around GraphRAG technology, which is utilized in the development of an EPUB reader and is supported by a Raspberry Pi 5. The entities are interconnected through their reliance on GraphRAG for enhanced information retrieval and reasoning capabilities.

## GraphRAG as a foundational technology

GraphRAG is a key technology in this community, providing a graph structure that represents concepts and their interrelations. This technology excels in information retrieval and reasoning tasks, making it a critical component for the EPUB reader. The effectiveness of GraphRAG in enhancing search and inference capabilities is pivotal for the overall functionality of the EPUB reader, which relies on this technology to deliver a superior user experience. [Data: Entities (5); Relationships (6)]

## EPUB Reader's implementation of GraphRAG

The EPUB Reader is a direct application of GraphRAG technology, designed to offer advanced search and reasoning functionalities. This integration allows users to interact with digital content in a more meaningful way, enhancing their reading experience. The EPUB Reader's reliance on GraphRAG signifies its potential impact on the digital publishing industry, as it sets a new standard for e-readers by incorporating sophisticated information retrieval capabilities. [Data: Entities (6); Relationships (6)]

## Introduction section outlining GraphRAG's significance

The Introduction section provides essential context regarding the necessity and research background of GraphRAG technology. This foundational knowledge is crucial for understanding the advancements and applications of GraphRAG in various domains, particularly in digital reading. By explaining the rationale behind GraphRAG's development, the Introduction helps stakeholders appreciate its relevance and potential impact on future technologies. [Data: Entities (11); Relationships (7)]

## Raspberry Pi 5 as a platform for EPUB Reader

The Raspberry Pi 5 serves as the hardware platform for the EPUB Reader, showcasing the versatility of GraphRAG technology in various computing environments. This relationship highlights the adaptability of the EPUB Reader, allowing it to function on a compact and affordable single-board computer. The use of Raspberry Pi 5 not only broadens the accessibility of the EPUB Reader but also emphasizes the potential for innovative applications of GraphRAG technology in educational and personal computing settings. [Data: Entities (7); Relationships (8)]",6.5
0,Department of Computer Engineering and GraphRAG Community,1.0,"# Department of Computer Engineering and GraphRAG Community

The community is centered around the Department of Computer Engineering at Hansung University, which is actively engaged in research and education utilizing GraphRAG technology. Key entities include students and faculty members who are involved in the implementation of an EPUB reader using this technology, highlighting a collaborative environment focused on innovation.

## Department of Computer Engineering's focus on GraphRAG technology

The Department of Computer Engineering at Hansung University is dedicated to researching and applying GraphRAG technology, which is a significant aspect of their academic and practical endeavors. This focus on a cutting-edge technology positions the department as a key player in the field of computer engineering, potentially influencing future developments in related areas. The department's commitment to this technology is evidenced by its high degree of involvement, as indicated by the combined degree of 9 in its relationship with GraphRAG. [Data: Entities (4); Relationships (4)]

## Student involvement in GraphRAG projects

Students Jiyoon Ok, Chaewon Park, and Juyeon Soung are actively participating in the implementation of an EPUB reader using GraphRAG technology. Their involvement not only enhances their educational experience but also contributes to the practical application of theoretical knowledge. This hands-on experience is crucial for their development as future professionals in the field. The students' relationships with the Department of Computer Engineering reflect a strong educational framework that supports innovation and practical learning. [Data: Entities (0, 1, 2); Relationships (0, 1, 2)]

## Professor Kitae Hwang's role in the community

Professor Kitae Hwang plays a pivotal role in guiding the students and overseeing the research initiatives related to GraphRAG technology. His expertise and leadership are essential for the successful implementation of projects like the EPUB reader. The professor's relationship with the department indicates a collaborative environment where faculty and students work together towards common goals, fostering a culture of innovation and academic excellence. [Data: Entities (3); Relationships (3)]

## Collaborative research environment

The community exemplifies a collaborative research environment where students and faculty members work together on projects that leverage GraphRAG technology. This collaboration not only enhances the learning experience for students but also contributes to the advancement of knowledge in the field. The interconnectedness of the entities within this community suggests a robust support system that encourages innovation and practical application of research findings. [Data: Relationships (0, 1, 2, 3)]",6.5
