id,text
10,"�육과정의 기본계획의 수립, 편성, 운영과 개편에 관한 사항은 교육과정위원 회의 심의를 거쳐 총장이 정한다. (2006.2.7.) (2020.11.11.)

page: 6
headline: 2-1-1 한성대학교 학칙
content: 제 8 장 제 2 절 시험과 성적 제 30 조 (시험) ① 매 학기말에 각 교과목에 대한 정기시험을 시행한다. 단, 수시로 임시시험을 행할 수 있다. (2015.12.10) ② 출석 상황이 불량한 자(출석일수의 4분의 1이상 결석자)는 그 과목학점을 취득할 수 없다. (2015. 12.10) (2017.3.9) ③ 시험에 관한 구체적인 사항은 총장이 따로 정한다. 

page: 6
headline: 2-1-1 한성대학교 학칙
content: 제 8 장 제 2 절 시험과 성적 제 31 조 (성적평가) 학업성적은 각 교과목의 시험성적과 출석·과제·수업태도 등을 종합하여 평가하며 구체적인 평가방법은 별도 세칙으로 정한다. 

page: 6
headline: 2-1-1 한성대학교 학칙
content: 제 8 장 제 2 절 시험과 성적 제 32 조 (성적분류) ① 각 과목별 학업성적은 다음과 같이 분류하되 D급 이상을 급제로 하고 F급 이 하를 낙제로 한다. 등 급 성 적 평 점 A⁺ 95 - 100 4.5 A 90 - 94 4.0 B⁺ 85 - 89 3.5 B 80 - 84 3.0 C⁺ 75 - 79 2.5 C 70 - 74 2.0 D⁺ 65 - 69 1.5 D 60 - 64 1.0 F 0 - 59 0.0 ② 제1항에도 불구하고 총장이 별도로 지정하는 교과목에 대하여 “P(PASS), N(NONPASS)”으로 평가할 수 있다. 평가된 교과목은 학점으로 인정하되, 평점평균 계산에는 산입하지 않는다. (2006. 2. 7) ③ 추가시험에 관한 사항은 별도 세칙으로 정한다. (2015.12.10)

page: 7
headline: 2-1-1 한성대학교 학칙
content: 제 8 장 제 2 절 시험과 성적 제 32 조 (성적분류) ④ 재학 중 학업성적이 열등한 자에게는 학사경고를 과하며 그에 따른 사정기간 및 방법 등은 총장이 따로 정한다. ⑤ 질병이나 기타의 부득이한 사정으로 정기시험에 응하지 못한 자는 담당교수의 사전 승인을 받아 지정 기일에 추가시험에 응할 수 있다. (2015.12.10) ⑥ 일단 인정한 학점이라도 부정행위가 판명되었을 때에는 이를 취소할 수 있다.

page: 7
headline: 2-1-1 한성대학교 학칙
content: 제 8 장 제 3 절 이수의 인정 제 33 조 (학점취득) ① 매 학기별 6학점에서 18학점까지 취득함을 원칙으로 한다. (2016. 2. 3) ② 직전학기 15학점이상 수강신청 하여 학업성적이 평균 4.0이상인 자는 직전학기 중 과목성적에 과락 (F학점)이 없을 경우 3학점 이내에서 초과 이수신청 할 수 있다. (2004. 8.23) ③ 각 학년별 수료 인정에 필요한 학점은 다음과 같다. (2015.12.10.) (2016. 2. 3) 

page: 7
headline: 2-1-1 한성대학교 학칙
content: 제 8 장 제 3 절 이수의 인정 제 33 조 (학점취득)

page: 7
headline: 2-1-1 한성대학교 학칙
content: 제 8 장 제 3 절 이수의 인정 제 34 조 (졸업학점) ①본 대학교의 졸업에 필요한 학점은 130학점 이상으로 한다. (2016. 2. 3) ② 세부 졸업학점 요건은 학사운영규정에서 정한다. (2015.12.10)
| 0     | 1                   |
|:------|:--------------------|
| 학년  |"
11,"3학점 이내에서 초과 이수신청 할 수 있다. (2004. 8.23) ③ 각 학년별 수료 인정에 필요한 학점은 다음과 같다. (2015.12.10.) (2016. 2. 3) 

page: 7
headline: 2-1-1 한성대학교 학칙
content: 제 8 장 제 3 절 이수의 인정 제 33 조 (학점취득)

page: 7
headline: 2-1-1 한성대학교 학칙
content: 제 8 장 제 3 절 이수의 인정 제 34 조 (졸업학점) ①본 대학교의 졸업에 필요한 학점은 130학점 이상으로 한다. (2016. 2. 3) ② 세부 졸업학점 요건은 학사운영규정에서 정한다. (2015.12.10)
| 0     | 1                   |
|:------|:--------------------|
| 학년  | 학점                |
| 1학년 | 졸업학점의  1/4이상 |
| 2학년 | 졸업학점의  2/4이상 |
| 3학년 | 졸업학점의  3/4이상 |
| 4학년 | 졸업학점의  4/4이상 |

page: 7
headline: 2-1-1 한성대학교 학칙
content: 제 8 장 제 3 절 이수의 인정 제 35 조 (학점인정) 국내·외 대학과의 학점상호교류에 의해 취득한 학점, 본교에서 인정하는 교육프로 그램 및 현장실습, 사회봉사활동, 전공관련 학습경험, 기타 학점인정 프로그램 등은 졸업에 필요한 학점의 1/2의 범위 안에서 본 대학교의 학점으로 인정할 수 있으며, 이에 관한 세부사항은 총장이 따로 정한다. (2004. 12.21) (2006. 2. 7) (2008. 6.19) (2014. 3.11) (2019.11.13.)

page: 7
headline: 2-1-1 한성대학교 학칙
content: 제 8 장 제 3 절 이수의 인정 제 35 조의 2 (학점인정 등에 의한 학위수여) 학점인정 등에 관한 법률에 따라 학점인정과정 수강생 및 시간제 등록생에게는 소정학점 이상을 이수하고 졸업에 필요한 기준학점을 취득한 경우 학위를 수여 할 수 있다. 학점인정과정 운영 등에 관한 자세한 사항은 따로 정한다. (2005.8.12.) (2021.6.11.)

page: 7
headline: 2-1-1 한성대학교 학칙
content: 제 8 장 제 3 절 이수의 인정 제 36 조 (부전공 및 Micro College) (2018.3.8.) ① 재학 중 전공과목 외 타 학부(과) 또는 전공 및 트랙의 전공과목을 21학점 이상 이수하면 부전공 이수를 인정하고, 졸업증서에 해당 부전공을 표시 한다. (2017.2.20.) ② Micro College는 단기간에 첨단 기술과 지식을 가르치는 취․창업연계형 프로그램으로, 소정의 과 목과 학점을 취득하고 해당 프로그램의 이수 자격 기준을 충족하면 부전공 이수를 인정하고, 졸업증 서에 해당 부전공을 표시한다. (2018.3.8.) ③ 부전공 및 Micro College에 관한 사항은 별도 세칙으로 정한다. (2018.3.8.)

page: 8
headline: 2-1-1 한성대학교 학칙
content: 제 8 장 제 3 절 이수의 인정 제 36 조의 1 (Micro Degree) (2020.12.14.) ① Micro Degree는 디지털 신산업 및 사회 수요 기반 실무능력 강화를 위해 단기간 운영되는 융합교육과정으로, 정해진 학점을 취득하면 졸업증서에 해당 Micro Degree 과정 이수를 표시한다. (2020.12.14.) ② Micro Degree 운영에 관한 세부사항은 별도로 정한다. (2020.12.14.)

page: 8
headline: 2-1-1 한성대학교 학칙
content: 제 8 장 제 3 절 이수의 인정 제 37 조 (복수전공 및 연계전공) ① 재학 중 제 1전공 외 타 전공 및 타 학부(과)의 전공과목을 이수하 여 소정의 �"
13,"�기를 3회 이내에서 수강한 학생은 조기졸업을 할 수 있다. (2022.1.27.) 단, 미래플러스대학 소속 학생은 6학기 만에 조기졸업을 할 수 있다. (2022.1.27.) ② 제1항의 규정에도 불구하고 학·석사연계과정생의 조기졸업인정은 학칙 제41조의 요건을 충족하고, 총 평점평균이 3.5이상인자 가운데서 다음의 요건을 모두 갖춘 자를 원칙으로 한다. 1. 대학원 과목 6학점 이상 취득한 자 2. 대학원 제1학기 등록을 필한 자 3. 연구활동계획서 2회 제출한 자 ③ 조기졸업을 희망하는 자는 7학기(미래플러스대학 소속 학생은 6학기 또는 7학기) 중간고사 전 일정 기간 내 조기졸업신청서를 소속 학부(과)장 또는 전공주임교수를 경유하여 학사지원팀에 제출 하여 승인을 얻어야 한다. (2020. 5.20) (2021.11.4.) (2022.1.27.)

page: 8
headline: 2-1-1 한성대학교 학칙
content: 제 8 장 제 3 절 이수의 인정 제 41 조 (졸업논문 및 학위수여) (2019.2.12)① 본 학칙에 규정된 소정의 전 과정을 이수하고 졸업논 문을 제출하여 합격한 자에 대하여는 <별표2>에서 정한 학사학위를 수여한다. (2015.12.10) ② 졸업논문에 관한 사항은 별도 세칙으로 정한다. (2015.12.10)

page: 9
headline: 2-1-1 한성대학교 학칙
content: 제 8 장 제 3 절 이수의 인정 제 41 조 (졸업논문 및 학위수여) ③ 학·석사 연계과정생은 졸업논문을 면제할 수 있다. (2004.11.16)

page: 9
headline: 2-1-1 한성대학교 학칙
content: 제 8 장 제 3 절 이수의 인정 제 41 조 2 (학위수여의 취소) (2015. 2.27)(2019.2.12.) ① 허위 또는 부정한 방법으로 학위를 취득 한 사실이 밝혀진 경우에는 학위수여를 취소한다. ② 학위수여취소에 관한 세부사항은 학위수여심의위원회에서 심의한다. 

page: 9
headline: 2-1-1 한성대학교 학칙
content: 제 8 장 제 3 절 이수의 인정 제 41 조 3 (학사학위취득 유예) ① 제41조 규정에 따른 학사학위 취득에 필요한 모든 요건을 충족한 자는 학사학위취득 유예를 신청할 수 있다. (2019.2.12.) ② 학사학위취득 유예에 관한 세부사항은 별도 세칙으로 정한다. (2019.2.12.)

page: 9
headline: 2-1-1 한성대학교 학칙
content: 제 9 장 공개강좌

page: 9
headline: 2-1-1 한성대학교 학칙
content: 제 9 장 공개강좌 제 42 조 (공개강좌) ① 본 대학교에 실무연구에 필요한 이론과 그 응용에 관한 지식을 보급시키기 위 하여 학생 이외의 자를 대상으로 하는 공개 강좌를 둘 수 있다. ② 공개강좌의 과목·제목·시간·수강자격·정원·장소 및 기타에 관한 사항은 총장이 정한다. ③ 공개강좌 수강생에 대하여는 실비를 징수할 수 있다. 제 10 장 위탁생, 외국인 학생 및 장애학생(2020.5.20)

page: 9
headline: 2-1-1 한성대학교 학칙
content: 제 10 장 위탁생, 외국인 학생 및 장애학생 제 43 조 (위탁생) ① 정부기관·기업체 및 사회공공단체의 재직자로서 그 소속 기관장의 교육위탁이 있 을 때 교육부장관의 추천으로 그 위탁생에게 정원외로 수학을 허가할 수 있다. ②"
1,"료 반환을 허용하며, 개강 후에는 절대 
      취소/정정 및 환불 불가
 나. 타대생(학점교류신청자)
    학점교류 희망학생의 소속대학 담당부서에 학점교류 신청
    한성대 홈페이지(http://www.hansung.ac.kr) 메인화면의 하단 [종합정보시스템] 로그인  [교무]  
       [수강신청]  [전공구분 선택] 하고 [조회] 클릭   수강과목 직접 신청(주야간 교차수강 가능)
    하단의 [수강신청내역] 확인  수강료 납부(납부 방법은 하단 참조)
    수강신청은 수강료를 납부하여야 완료되며 수강료 납부 시 수강신청한 과목이 폐강된 경우와 개설 가능 
      기준을 초과한 인원에 대해서만 선착순으로 수강취소 및 수강료 반환을 허용하며, 개강 후에는 절대   
      취소/정정 및 환불 불가
3. 수강료 납부방법
 가. 수강료 : 시간당 80.000원
   - 오프라인 강좌는 수업시간에 따라 부과 / 시간당 80,000원으로 계산함. 
     예) 3학점 3시간 240,000원, 2학점 3시간 240,000원, 2학점 2시간 160,000원.
   - 온라인 강좌는 학점에 따라 부과 / 학점당 80,000원으로 계산함. 
     개설 가능 기준을 초과한 인원에 대해서만 선착순으로 수강취소 및 수강료 반환(개강 후 절대 환불 불가). 
       단, 천재지변, 폐강, 입원 등 수강이 불가할 경우에 환불을 허용함(수강료 납부 시 신중을 기해야 함)
 
나. 납부방법
    본교생 : 한성대 [종합정보시스템] 로그인  [계절학기]  [수강신청서(출력)] 클릭
                팝업창에 표기된 계좌번호로 입금
    타대생 : 한성대 [종합정보시스템] 로그인  [교무]   [수강신청]  수강신청서 출력 우측의                      [인쇄] 버튼 클릭  팝업창에 표기된 계좌번호로 입금
 다. 납부확인 방법
    본교생 : 한성대 [종합정보시스템] 로그인  [계절학기]  [계절학기수납내역]에서 확인
    타대생 : 한성대 [종합정보시스템] 로그인  [교무]  [수강신청]  하단 [수강신청내역]
4. 개설 예정 교과목
    
순서
교과구분
교과목명
과목코드
학점
(시수)
교수명
강의실
시간
수업방법
1
교양
필수
영어커뮤니케이션 독해/작문
REQ0311
2(3)
현일선
상상관501
3
(13:00~16:00)
대면
2
영어커뮤니케이션 독해/작문
REQ0312
2(3)
이종은
상상관502
3
(13:00~16:00)
대면
3
영어커뮤니케이션 독해/작문
REQ0313
2(3)
강지현
상상관503
3
(13:00~16:00)
대면
4
영어커뮤니케이션 청취/회화
REQ0421
2(3)
Andrew Bates
상상관504
3
(13:00~16:00)
대면
5
영어커뮤니케이션 청취/회화
REQ0422
2(3)
Rosemary Duncan
상상관501
3
(10:00~13:00)
대면
6
영어커뮤니케이션 청취/회화
REQ0423
2(3)
김정훈
상상관502
3
(10:00~13:00)
대면
7
AI와 SW 기초 
GEN0926
3(3)
이신희
상상관304
2
(10:00~12:00)
블렌디드
1(on) + 2(off)
8
사고와 표현
GEN0925
3(3)
정원채
탐구관501
3
(13:00~16:00)
대면
9
한성 이마기난스
GEN0924
3(3)
주현식
상상"
6,"성대학교 학칙
content: 제 6 장 입학(편입학ㆍ재입학포함)ㆍ전부(과)ㆍ등록 제 12 조 (입학허가 시기) 입학허가는 학기 초 30일 이내로 한다. (2006. 6.27)

page: 3
headline: 2-1-1 한성대학교 학칙
content: 제 6 장 입학(편입학ㆍ재입학포함)ㆍ전부(과)ㆍ등록 제 13 조 (입학자격) 본 대학교의 제 1학년에 입학할 수 있는 자는 다음 각 호의 1에 해당하는 자라 야 한다. ① 고등학교 졸업 및 졸업 예정자 또는 동등 이상의 학력이 있다고 인정된 자. ② 외국에서 초·중·고등학교 교육과정을 졸업 또는 12년 이상의 교육과정을 수료한 자(2006. 6.27)

page: 3
headline: 2-1-1 한성대학교 학칙
content: 제 6 장 입학(편입학ㆍ재입학포함)ㆍ전부(과)ㆍ등록 제 14 조 (입학선발) ① 학생선발방법 및 등록 등 입학전형 기본계획은 대학입학전형관리위원회에서 수 립 고시 시행한다. ② 입학전형의 공정한 관리를 위하여 대학입학전형관리위원회와 대학입학전형공정관리대책 위원회를 둔다. ③ 전항의 위원회는 총장 직속으로 설치하되 대학입학전형관리위원회와 대학입학전형공정관리대책 위원회 각각 위원장을 포함하여 15인 내외로 구성하고 그 구성, 임무, 운영에 관한 사항은 총장이 따로 정한다. (2005. 4.12) (2010. 9. 1) ④ 시간제 등록생은 당해연도 모집단위별 입학정원의 10% 범위 안에서 선발하고, 선발 및 운영에

page: 4
headline: 2-1-1 한성대학교 학칙
content: 관한 사항은 별도로 정한다. (2021.6.11.) ⑤ 특성화고(舊전문계고)졸 재직자 특별전형으로 입학한 자는 졸업시까지 본인의 재직상태를 유지 하는 것이 원칙이나 권고사직이나 학업전념 희망 등의 사유로 퇴직할 경우 재직상태를 유지하지 않 아도 된다. (2011. 3. 2)

page: 4
headline: 2-1-1 한성대학교 학칙
content: 제 6 장 입학(편입학ㆍ재입학포함)ㆍ전부(과)ㆍ등록 제 15 조 (입학지원서류) 입학지원 서류와 절차는 모집시에 공고한다. 제 16 조 (입학허가) 입학허가는 총장이 따로 정한다. 

page: 4
headline: 2-1-1 한성대학교 학칙
content: 제 6 장 입학(편입학ㆍ재입학포함)ㆍ전부(과)ㆍ등록 제 16 조의 2 (입학허가의 취소) (2021.4.14.) 입학이 허가된 학생이 다음 각 호의 어느 하나에 해당하 는 부정행위를 한 경우에는 그 입학허가를 취소한다. 1. 입학전형에 위조 또는 변조 등 거짓 자료를 제출한 경우 2. 입학전형에 다른 사람을 대리 응시하게 한 경우 3. 그 밖에 입학전형에서 다른 응시자의 답안지를 보거나 다른 응시자에게 자신의 답안지를 보여주 는 등 입학전형을 공정하게 시행·관리하는데에 부당한 영향을 미치는 행위를 한 경우

page: 4
headline: 2-1-1 한성대학교 학칙
content: 제 6 장 입학(편입학ㆍ재입학포함)ㆍ전부(과)ㆍ등록 제 17 조 (입학생 등록 및 구비서류) 삭제(2005. 4.12)

page: 4
headline: 2-1-1 한성대학교 학칙
content: 제 6 장 입학(편입학ㆍ재입학�"
