id,title,content
2,2024 동계 프로그래밍 캠프,"# 2024 동계 프로그래밍 캠프

2024 동계 프로그래밍 캠프는 경기도 양평군 블룸비스타에서 1월 15일부터 1월 18일까지 진행될 예정이며, 컴퓨터공학부가 주관합니다. 이 캠프는 학생 105명, 튜터 9명, 학부 교수 8명이 참석할 계획이며, 송미화 교수가 문의를 담당하고 있습니다. 캠프는 다양한 프로그래밍 교육 과정을 포함하고 있습니다.

## 캠프의 주관 기관인 컴퓨터공학부

2024 동계 프로그래밍 캠프는 컴퓨터공학부에서 주관하며, 이는 캠프의 교육 품질과 신뢰성을 높이는 요소입니다. 컴퓨터공학부는 학생들에게 최신 기술과 프로그래밍 언어를 가르치는 데 중점을 두고 있으며, 캠프의 성공적인 운영을 위해 필요한 자원과 지원을 제공합니다. [데이터: 관계 (1704)]

## 송미화 교수의 역할

송미화 교수는 캠프에 대한 문의를 담당하고 있으며, 이는 참가자들에게 중요한 정보 제공의 역할을 합니다. 그녀는 모바일소프트웨어트랙에 소속되어 있으며, 학생들에게 필요한 지원을 제공할 수 있는 위치에 있습니다. 교수의 연락처 정보는 캠프 참가자들이 쉽게 접근할 수 있도록 제공됩니다. [데이터: 엔티티 (141); 관계 (1717, 130, 131)]

## 캠프의 교육 과정

2024 동계 프로그래밍 캠프는 C 프로그래밍 초급, C 응용 프로그래밍 연습, C++/JAVA 응용 프로그래밍 연습, 미니 프로젝트 등 다양한 교육 과정을 포함하고 있습니다. 이러한 과정들은 학생들이 프로그래밍 기술을 단계적으로 향상시킬 수 있도록 설계되어 있으며, 각 과정은 실습 중심으로 진행됩니다. [데이터: 관계 (1710, 1711, 1712, 1713, 1714)]

## 캠프의 일정

캠프는 2024년 1월 15일부터 1월 18일까지 진행되며, 4박 5일 동안 다양한 교육 활동이 이루어집니다. 참가자들은 이 기간 동안 집중적으로 프로그래밍을 학습하게 되며, 각 날짜별로 정해진 교육 내용이 있습니다. [데이터: 관계 (1774, 1775)]

## 캠프 장소인 블룸비스타

블룸비스타는 2024 동계 프로그래밍 캠프가 진행될 장소로, 양평군 강하면에 위치한 숙소입니다. 이 장소는 참가자들에게 편안한 숙소를 제공하며, 교육 활동과 관련된 다양한 시설을 갖추고 있습니다. [데이터: 엔티티 (1490); 관계 (1706)]"
76,2024 동계 프로그래밍 캠프,"# 2024 동계 프로그래밍 캠프

2024 동계 프로그래밍 캠프는 경기도 양평군 블룸비스타에서 2024년 1월 15일부터 1월 18일까지 진행될 예정이며, 컴퓨터공학부가 주관합니다. 이 캠프는 학생 105명, 튜터 9명, 학부 교수 8명이 참석할 계획이며, 다양한 프로그래밍 교육 과정을 포함하고 있습니다.

## 캠프의 주관 기관인 컴퓨터공학부

2024 동계 프로그래밍 캠프는 컴퓨터공학부에서 주관하며, 이는 캠프의 교육 품질과 신뢰성을 높이는 요소입니다. 컴퓨터공학부의 주관으로 인해 캠프는 체계적이고 전문적인 교육을 제공할 수 있으며, 이는 참가자들에게 긍정적인 경험을 보장합니다. [데이터: 관계 (1704)]

## 캠프의 진행 장소인 블룸비스타

블룸비스타는 2024 동계 프로그래밍 캠프가 진행될 장소로, 양평군 강하면에 위치하고 있습니다. 이 장소는 캠프의 모든 활동이 이루어지는 공간으로, 참가자들에게 편안한 숙소와 교육 환경을 제공합니다. 블룸비스타의 위치는 자연 환경 속에서의 학습을 가능하게 하여 참가자들에게 긍정적인 영향을 미칠 수 있습니다. [데이터: 관계 (1706)]

## 참가자 수와 구성

캠프에는 학생 105명, 튜터 9명, 학부 교수 8명이 참석할 예정입니다. 이러한 구성은 다양한 수준의 교육을 제공할 수 있는 기반이 되며, 튜터와 교수의 지원을 통해 학생들은 보다 깊이 있는 학습을 경험할 수 있습니다. 참가자 수가 많다는 것은 캠프의 인기도와 신뢰성을 나타내는 지표가 될 수 있습니다. [데이터: 엔티티 (1488)]

## 다양한 교육 과정

2024 동계 프로그래밍 캠프는 C 프로그래밍 초급, C 응용 프로그래밍 연습, C++/JAVA 응용 프로그래밍 연습, 미니 프로젝트 등 다양한 교육 과정을 포함하고 있습니다. 이러한 과정들은 참가자들이 프로그래밍 기술을 단계적으로 향상시킬 수 있도록 설계되어 있으며, 실습 중심의 교육을 통해 이론과 실제를 연결하는 데 중점을 두고 있습니다. [데이터: 관계 (1710, 1711, 1712, 1713)]

## 참가 신청 마감일

2024 동계 프로그래밍 캠프의 참가 신청 마감일은 2024년 12월 4일입니다. 이 마감일은 캠프 준비와 참가자 수를 조정하는 데 중요한 역할을 하며, 적시에 신청을 하지 않으면 참가할 수 없다는 점에서 참가자들에게 중요한 정보입니다. [데이터: 관계 (1709)]"
